categoria,item,unidad,cantidad,precio_unit_usd,total_usd,costeado,notas
TIERRA,Finca (superficie productiva),ha,120,3500,420000,SI,Plan de negocio actualizado 120 ha (2026-09)
TIERRA,Analisis de suelo,analisis,1,513.12,513.12,SI,Laboratorio de Edafologia FCA-UNCU
TIERRA,Analisis de agua,analisis,1,200,200,SI,Plan de negocio actualizado 120 ha (2026-09)
TIERRA,Desmonte / nivelacion,ha,120,800,96000,SI,Plan de negocio actualizado 120 ha (2026-09)
TIERRA,Marcacion,ha,120,150,18000,SI,Plan de negocio actualizado 120 ha (2026-09)
TIERRA,Subsolado profundo,ha,120,,0,NO,Sin cotizar; hasta 80cm
RIEGO,Pozo de agua (perforacion),unidad,1,18000,18000,SI,Plan de negocio actualizado 120 ha (2026-09); monto total confirmado sin desglose de cantidad de perforaciones (cantidad=1 representa ese monto global y no una perforacion)
RIEGO,Bombas y tablero electrico,unidad,2,40000,80000,SI,Plan de negocio actualizado 120 ha (2026-09)
RIEGO,Filtros y fertilizadores,kit,1,,0,NO,Sin cotizar; fertirrigacion
RIEGO,Tuberias principales y secundarias laterales y goteros,ha,120,,0,NO,Sin cotizar; PEAD 2 goteros/planta
RIEGO,Represa o cisterna (5000 m3),unidad,1,,0,NO,Sin cotizar; regulacion nocturna
PLANTAS,Plantas hembra (Kerman),planta,41400,9,372600,SI,Plan de negocio actualizado 120 ha (2026-09)
PLANTAS,Plantas macho (Peters/Randy),planta,3600,9,32400,SI,Plan de negocio actualizado 120 ha (2026-09)
PLANTAS,Tutores (cana/fibra),unidad,,,0,SI,Confirmado en 0 por la fuente
MAQUINARIA,Tractor 90 HP,unidad,1,39000,39000,SI,Plan de negocio actualizado 120 ha (2026-09)
MAQUINARIA,Pulverizadora turbina 1000 L,unidad,1,12000,12000,SI,
MAQUINARIA,Subsolador 3 cuerpos,unidad,1,4000,4000,SI,
MAQUINARIA,Rastra 16 discos,unidad,1,3800,3800,SI,
MAQUINARIA,Desmalezadora 1.5 m,unidad,1,4200,4200,SI,
MAQUINARIA,Arado de discos,unidad,1,3500,3500,SI,
INFRAESTRUCTURA,Paneles solares,unidad,,,0,NO,pendiente de cotizacion; no incluido en CAPEX_INICIAL_USD_HA todavia
INFRAESTRUCTURA,Galeria/galpon herramientas (200 m2),m2,200,250,50000,SI,Construccion sencilla
INFRAESTRUCTURA,Sistema electrico finca,global,1,15000,15000,SI,Linea trifasica + tableros
INFRAESTRUCTURA,Camino interno (ripio compactado),km,3,4000,12000,SI,
INFRAESTRUCTURA,Alambrado perimetral,km,8,1500,12000,SI,
INFRAESTRUCTURA,Red antigranizo (opcional Fase I),ha,,,0,NO,monto de 16.400 mencionado pero sin confirmar con proveedor; no incluido todavia
INFRAESTRUCTURA,Oficina/vivienda encargado,global,1,12000,12000,SI,Modulo prefabricado
ADMINISTRATIVOS,Acta de Constatacion de tareas,global,1,228.76,228.76,SI,Plan de negocio actualizado 120 ha (2026-09)
ADMINISTRATIVOS,Rodados (2 vehiculos tipo Saveiro),unidad,2,20000,40000,SI,Plan de negocio actualizado 120 ha (2026-09)
SOCIETARIOS,Constitucion e inscripcion SAS,global,1,2640.26,2640.26,SI,Plan de negocio actualizado 120 ha (2026-09); consolida la lista anterior de gastos societarios
SOCIETARIOS,Gastos notariales tasas y certificaciones,global,1,1000,1000,SI,Plan de negocio actualizado 120 ha (2026-09); consolida la lista anterior de gastos societarios
TECNOLOGIA,Software de gestion agricola,anio,,,0,NO,No indispensable
TECNOLOGIA,Estacion meteorologica,unidad,,,0,NO,Sin cotizar
TECNOLOGIA,Sitio web e-commerce,global,,,0,NO,Se haria internamente
